{
    "age": 27,
    "region": {
        "x": 338,
        "y": 17,
        "w": 233,
        "h": 233
    },
    "gender": "Man",
    "race": {
        "asian": 23.849505186080933,
        "indian": 3.8448140025138855,
        "black": 1.671394519507885,
        "white": 47.103798389434814,
        "middle eastern": 15.375150740146637,
        "latino hispanic": 8.15533846616745
    },
    "dominant_race": "white",
    "emotion": {
        "angry": 2.3545979535100403,
        "disgust": 2.1476163409845357e-07,
        "fear": 0.1597275216552641,
        "happy": 1.6710374633714513,
        "sad": 0.9148307303882516,
        "surprise": 0.0330961348827046,
        "neutral": 94.86671028932456
    },
    "dominant_emotion": "neutral"
}