{
    "age": 24,
    "region": {
        "x": 0,
        "y": 0,
        "w": 480,
        "h": 640
    },
    "gender": "Man",
    "race": {
        "asian": 0.5396738936395772,
        "indian": 6.434125797861737e-08,
        "black": 4.187982794244562e-10,
        "white": 99.43977601054,
        "middle eastern": 0.007271048386400385,
        "latino hispanic": 0.013276013360051709
    },
    "dominant_race": "white",
    "emotion": {
        "angry": 0.0005918453349062036,
        "disgust": 9.413884640425325e-13,
        "fear": 99.72097274315033,
        "happy": 0.0011251169302989423,
        "sad": 0.2658613110242857,
        "surprise": 2.079552600442747e-06,
        "neutral": 0.011450293732935189
    },
    "dominant_emotion": "fear"
}